{"cameraMode":{"drawMode":0,"name":"Shaded","section":"Shading Mode"},"sceneLighting":false,"audioPlay":false,"sceneViewState":{"showFog":true,"showMaterialUpdate":false,"showSkybox":true,"showFlares":true,"showImageEffects":true,"showParticleSystems":true},"in2DMode":false,"pivot":{"x":57.82156753540039,"y":20.55329132080078,"z":-12.090788841247559},"rotation":{"x":-0.13036176562309266,"y":0.6895021200180054,"z":-0.12825781106948853,"w":-0.700815737247467},"size":25.105653762817384,"orthographic":false}