{"cameraMode":{"drawMode":0,"name":"Shaded","section":"Shading Mode"},"sceneLighting":false,"audioPlay":false,"sceneViewState":{"showFog":true,"showMaterialUpdate":false,"showSkybox":true,"showFlares":true,"showImageEffects":true,"showParticleSystems":true},"in2DMode":false,"pivot":{"x":9.811850547790528,"y":9.02642822265625,"z":-8.14687728881836},"rotation":{"x":0.03555358573794365,"y":0.2921415865421295,"z":0.010868406854569912,"w":-0.9556522369384766},"size":6.615781307220459,"orthographic":false}