{"cameraMode":{"drawMode":0,"name":"Shaded","section":"Shading Mode"},"sceneLighting":false,"audioPlay":false,"sceneViewState":{"showFog":true,"showMaterialUpdate":false,"showSkybox":true,"showFlares":true,"showImageEffects":true,"showParticleSystems":true},"in2DMode":false,"pivot":{"x":32.897064208984378,"y":9.106744766235352,"z":6.004355430603027},"rotation":{"x":-0.17440587282180787,"y":0.43278640508651736,"z":0.08574480563402176,"w":0.8802989721298218},"size":15.265762329101563,"orthographic":false}