{"cameraMode":{"drawMode":0,"name":"Shaded","section":"Shading Mode"},"sceneLighting":false,"audioPlay":false,"sceneViewState":{"showFog":true,"showMaterialUpdate":false,"showSkybox":true,"showFlares":true,"showImageEffects":true,"showParticleSystems":true},"in2DMode":false,"pivot":{"x":19.79400062561035,"y":3.5439999103546144,"z":-5.0},"rotation":{"x":0.05418621376156807,"y":0.6973965167999268,"z":0.05302465707063675,"w":-0.7126643061637878},"size":1.7289419174194337,"orthographic":false}